{
  "backend/main.mo": "Defines backend actor with profile, service, project, messaging, and Stripe-related types plus access control and basic profile and Stripe configuration APIs.",
  "feature_evidence.json": "Lists feature evidence mapping features to source files, components, and test IDs with confidence metadata.",
  "frontend-file-summaries.txt": "Contains prewritten summaries for most frontend files including components, pages, hooks, and dashboard views.",
  "frontend/index.css": "Tailwind CSS setup defining theme variables, dark mode values, and base styling.",
  "frontend/index.html": "Static HTML entry point that loads the React app via main.tsx.",
  "frontend/README.md": "Frontend documentation describing app features, architecture, tech stack, and setup instructions.",
  "frontend/src/App.tsx": "Sets up TanStack Router routes, layout, and page components with Internet Identity profile loading logic.",
  "frontend/src/components/auth/LoginButton.tsx": "Login/logout button using Internet Identity with error handling and React Query cache clearing.",
  "frontend/src/components/auth/ProfileSetupModal.tsx": "Modal form for users to enter their name and role and save their profile via mutation.",
  "frontend/src/components/common/ConfirmDialog.tsx": "Reusable confirmation dialog with title, description, and pending state handling.",
  "frontend/src/components/common/EmptyState.tsx": "Displays an empty-state icon with optional title and description.",
  "frontend/src/components/common/ErrorState.tsx": "Shows an error message with optional retry button.",
  "frontend/src/components/common/LoadingState.tsx": "Centered loading spinner with a loading label.",
  "frontend/src/components/layout/AppLayout.tsx": "App shell with navigation, role-based dashboard routing, mobile menu, and identity-aware UI.",
  "frontend/src/components/messages/MessageComposer.tsx": "Textarea and send button for composing messages with pending-state handling.",
  "frontend/src/components/messages/MessageThread.tsx": "Scrollable list of messages styled by sender with timestamps and empty-state fallback.",
  "frontend/src/components/orders/OrderStatusBadge.tsx": "Displays an order status badge with variant and label based on backend status enum.",
  "frontend/src/components/reviews/ReviewList.tsx": "Lists reviews with stars, timestamps, and comments, or an empty state if none.",
  "frontend/src/components/services/ServiceCard.tsx": "Service preview card showing name, category, rating, price, and optional duration.",
  "frontend/src/hooks/useActor.ts": "Creates and manages the authenticated or anonymous backend actor and refreshes dependent queries on change.",
  "frontend/src/hooks/useCurrentUser.ts": "Hooks for fetching the caller's profile, role, and admin status using the actor.",
  "frontend/src/hooks/useInternetIdentity.ts": "Internet Identity auth context providing identity loading, login, logout, and status tracking.",
  "frontend/src/hooks/useQueries.ts": "Defines React Query hooks for CRUD operations on services, projects, and profiles using the actor API.",
  "frontend/src/index.css": "Tailwind base styles with custom CSS variables for light and dark themes.",
  "frontend/src/main.tsx": "Initializes React app with QueryClientProvider and InternetIdentityProvider.",
  "frontend/src/pages/dashboards/AdminDashboardPage.tsx": "Static admin dashboard showing placeholder cards for user and service management.",
  "frontend/src/pages/dashboards/ClientDashboardPage.tsx": "Client dashboard showing counts for orders, messages, and a link to profile using project feed data.",
  "frontend/src/pages/dashboards/ClientMessagesPage.tsx": "Lists client orders that contain messages, with loading and empty states.",
  "frontend/src/pages/dashboards/ClientOrdersPage.tsx": "Displays all client orders with status, payment info, and message counts.",
  "frontend/src/pages/dashboards/FreelancerDashboardPage.tsx": "Freelancer dashboard showing gig count, orders, earnings, and total messages.",
  "frontend/src/pages/dashboards/FreelancerGigsPage.tsx": "Manages freelancer gigs with create, edit, and delete actions and confirmation dialogs.",
  "frontend/src/pages/dashboards/FreelancerMessagesPage.tsx": "Shows freelancer orders that contain messages with loading and empty states.",
  "frontend/src/pages/dashboards/FreelancerOrdersPage.tsx": "Displays a freelancer's orders by fetching their project feed and rendering order cards with status and details.",
  "frontend/src/pages/dashboards/ProfilePage.tsx": "Shows and edits the current user's profile with fields for name, title, and bio, saving updates via API.",
  "frontend/src/pages/orders/OrderDetailPage.tsx": "Loads and displays detailed order information and allows clients or freelancers to navigate to the message thread.",
  "frontend/src/pages/orders/OrderMessagesPage.tsx": "Shows message threads for an order, allows authorized participants to send messages, and supports manual refresh.",
  "frontend/src/pages/payments/PaymentFailurePage.tsx": "Displays a payment failure message with navigation options back to browsing or the client dashboard.",
  "frontend/src/pages/payments/PaymentSuccessPage.tsx": "Shows a payment success confirmation and provides links to view orders or browse more services.",
  "frontend/src/pages/services/ServiceDetailPage.tsx": "Displays full details of a service, its reviews, and allows authenticated clients to place an order.",
  "frontend/src/pages/services/ServiceEditorPage.tsx": "Provides a form for creating or editing a service, handling validation and saving via API.",
  "frontend/src/pages/services/ServicesListPage.tsx": "Renders a services browsing page with search, category filters, sorting, and loading/error states.",
  "frontend/src/utils/urlParams.ts": "Provides helpers to read, store, and persist URL parameters using query strings, hashes, and sessionStorage.",
  "frontend/tailwind.config.js": "Configures Tailwind with custom colors, animations, container settings, and additional plugins.",
  "project_state.json": "Describes the project’s state, requirements, architecture notes, existing features, and known issues."
}