{
  "kind": "build_request",
  "title": "Freelancer Marketplace (Fiverr-style) on Internet Computer (React + Motoko)",
  "priority": "normal",
  "requirements": [
    {
      "id": "REQ-1",
      "text": "Implement Internet Identity authentication and persist a user profile that includes role selection (Client, Freelancer, Admin) with role-based access control enforced across the app.",
      "target": "both",
      "source": {
        "messageIds": [
          "msg-1"
        ],
        "quotes": [
          "Build a full-featured online marketplace for freelancers, similar to Fiverr or Upwork, where users can:\nRegister as freelancers or clients",
          "User Roles:\n- Client\n- Freelancer\n- Admin (basic)"
        ]
      },
      "acceptanceCriteria": [
        "Users can sign in using Internet Identity.",
        "On first sign-in, users can choose a role (Client/Freelancer) and save it; Admin role is restricted (e.g., allowlist by Principal).",
        "Backend rejects unauthorized mutations (e.g., only Freelancer can create gigs; only Admin can delete any user/gig).",
        "Frontend route guards prevent navigating to dashboards not allowed for the signed-in role."
      ]
    },
    {
      "id": "REQ-2",
      "text": "Create backend data models and CRUD APIs for freelancer gigs with fields: title, description, category, price, delivery time, and image URLs; include public gig listing and gig detail retrieval.",
      "target": "both",
      "source": {
        "messageIds": [
          "msg-1"
        ],
        "quotes": [
          "Create service gigs (freelancers)",
          "Gig fields:\n  - Title\n  - Description\n  - Category\n  - Price\n  - Delivery time\n  - Images\n- Public gig listing\n- Gig detail page"
        ]
      },
      "acceptanceCriteria": [
        "Freelancers can create, edit, and delete their own gigs.",
        "Clients and anonymous users can view the gig list and gig detail pages.",
        "Gig creation/edit forms validate required fields and show errors.",
        "Gigs display images using provided image URLs (no external upload services required)."
      ]
    },
    {
      "id": "REQ-3",
      "text": "Implement browse/search for gigs: keyword search, filter by category and price range, and sort by newest and price.",
      "target": "both",
      "source": {
        "messageIds": [
          "msg-1"
        ],
        "quotes": [
          "Browse/Search Gigs\n- Search gigs by keyword\n- Filter by category and price\n- Sort by newest / price"
        ]
      },
      "acceptanceCriteria": [
        "Gig list page supports keyword search and updates results.",
        "Category and price filters can be applied together.",
        "Sort options include newest, price low-to-high, and price high-to-low.",
        "Filtering/sorting works correctly with pagination or reasonable limiting."
      ]
    },
    {
      "id": "REQ-4",
      "text": "Implement an order system where a Client can purchase a gig and create an order; support order statuses: Pending, In Progress, Delivered, Completed; enforce role-based transitions (Freelancer updates status; Client marks completed).",
      "target": "both",
      "source": {
        "messageIds": [
          "msg-1"
        ],
        "quotes": [
          "Order statuses:\n  - Pending\n  - In Progress\n  - Delivered\n  - Completed\n- Orders saved in database\n- Freelancer updates order status\n- Client marks order as completed"
        ]
      },
      "acceptanceCriteria": [
        "Client can create an order from a gig detail page.",
        "Orders persist in the backend canister state and are visible after refresh.",
        "Freelancer can move an order through allowed statuses up to Delivered.",
        "Client can mark an order as Completed only after Delivered.",
        "Users can only access orders they are a party to (client or freelancer) unless Admin."
      ]
    },
    {
      "id": "REQ-5",
      "text": "Implement messaging between client and freelancer linked to a specific order, with persistent history stored in the backend; use a non-realtime UX (polling/refresh) compatible with platform constraints.",
      "target": "both",
      "source": {
        "messageIds": [
          "msg-1"
        ],
        "quotes": [
          "Chat between buyer and seller",
          "Messages linked to a specific order\n- Persist chat history in database"
        ]
      },
      "acceptanceCriteria": [
        "Each order has an associated message thread visible to the client and freelancer on that order.",
        "Messages persist and load in chronological order.",
        "Only order participants (or Admin) can view/post messages.",
        "UI supports manual refresh and/or polling to fetch new messages without WebSockets."
      ]
    },
    {
      "id": "REQ-6",
      "text": "Implement reviews and ratings: only the Client can leave a 1–5 star review after an order is Completed; show reviews on the gig page and compute/display average rating.",
      "target": "both",
      "source": {
        "messageIds": [
          "msg-1"
        ],
        "quotes": [
          "Reviews & Ratings\n- Client leaves review only after order completion\n- Star rating (1–5)\n- Reviews shown on gig page\n- Average rating calculation"
        ]
      },
      "acceptanceCriteria": [
        "Client can submit at most one review per completed order.",
        "Backend rejects reviews for orders that are not Completed or by non-client principals.",
        "Gig detail page shows list of reviews and an average rating.",
        "Average rating updates correctly after new reviews."
      ]
    },
    {
      "id": "REQ-7",
      "text": "Create role-based dashboards: Client (My Orders, Messages, Profile), Freelancer (My Gigs, Orders, Earnings summary, Messages), Admin (view users, view gigs, delete users/gigs).",
      "target": "both",
      "source": {
        "messageIds": [
          "msg-1"
        ],
        "quotes": [
          "DASHBOARDS\nClient Dashboard:\n- My Orders\n- Messages\n- Profile\n\nFreelancer Dashboard:\n- My Gigs\n- Orders\n- Earnings summary\n- Messages\n\nAdmin Dashboard (Basic):\n- View users\n- View gigs\n- Delete users or gigs"
        ]
      },
      "acceptanceCriteria": [
        "Navigation and pages differ based on role.",
        "Client dashboard lists only the client’s orders and message threads.",
        "Freelancer dashboard lists only the freelancer’s gigs and related orders; earnings summary shows totals derived from completed orders.",
        "Admin dashboard shows user and gig lists and can delete users/gigs; destructive actions require confirmation."
      ]
    },
    {
      "id": "REQ-8",
      "text": "Add optional Stripe payments that fail gracefully: provide a configuration-driven payment step and store payment status on orders; when Stripe keys/config are missing, the app still runs and users can create orders without crashing.",
      "target": "both",
      "source": {
        "messageIds": [
          "msg-1"
        ],
        "quotes": [
          "Handle payments via Stripe(optional)",
          "If Stripe keys are missing, app still runs without crashing",
          "Store payment status in database"
        ]
      },
      "acceptanceCriteria": [
        "Order includes a paymentStatus field (e.g., Unpaid/Paid/NotRequired/Failed).",
        "If Stripe is not configured, UI clearly indicates payments are disabled and continues with an unpaid/not-required flow without errors.",
        "If Stripe is configured, users can complete the payment flow and the order paymentStatus updates accordingly."
      ]
    },
    {
      "id": "REQ-9",
      "text": "Add app-wide UX requirements: modern marketplace UI, responsive layouts, reusable components, and consistent loading/error states for all network operations using React Query.",
      "target": "frontend",
      "source": {
        "messageIds": [
          "msg-1"
        ],
        "quotes": [
          "UI / UX REQUIREMENTS\n- Modern Fiverr-style UI\n- Responsive (mobile + desktop)\n- Tailwind utility-first styling\n- Reusable components\n- Loading states and error handling"
        ]
      },
      "acceptanceCriteria": [
        "All pages are responsive and usable on mobile and desktop.",
        "All backend interactions show loading indicators and user-friendly error messages.",
        "Forms use consistent validation messaging and disabled submit states while saving.",
        "Common UI elements (cards, buttons, inputs, dialogs) are reused consistently."
      ]
    },
    {
      "id": "REQ-10",
      "text": "Choose and apply a coherent visual theme for the marketplace (colors, typography, spacing, and component styling) and enforce it consistently across all pages; avoid a blue/purple primary palette unless explicitly required.",
      "target": "frontend",
      "source": {
        "messageIds": [
          "msg-2"
        ],
        "quotes": [
          "Use English for any user-facing text in the build request."
        ]
      },
      "acceptanceCriteria": [
        "Theme is consistent across landing, listings, detail pages, dashboards, and forms.",
        "Primary color is not blue/purple.",
        "Typography scale and spacing feel consistent and intentional."
      ]
    },
    {
      "id": "REQ-11",
      "text": "Seed the backend with sample data: at least one Client, one Freelancer, an Admin principal configuration entry, and multiple gigs; ensure the UI has sample content immediately after deployment.",
      "target": "backend",
      "source": {
        "messageIds": [
          "msg-1"
        ],
        "quotes": [
          "Seed the database with sample users and gigs"
        ]
      },
      "acceptanceCriteria": [
        "After deployment, gig browsing shows multiple sample gigs without manual creation.",
        "Sample users/roles exist as profiles (role assignments) and are usable when corresponding principals sign in.",
        "Admin allowlist/config is documented and works."
      ]
    },
    {
      "id": "REQ-12",
      "text": "Provide project documentation in README.md covering: project description, feature list, tech stack (as implemented), environment/config variables, how to run locally on the Internet Computer tooling, and optional Stripe setup.",
      "target": "both",
      "source": {
        "messageIds": [
          "msg-1"
        ],
        "quotes": [
          "DOCUMENTATION (MANDATORY)\n\nInclude README.md with:\n- Project description\n- Features list\n- Tech stack\n- Environment variables\n- How to run backend\n- How to run frontend\n- Stripe setup (optional)"
        ]
      },
      "acceptanceCriteria": [
        "README.md includes clear steps to install dependencies and run the app locally.",
        "README.md documents configuration for admin allowlist and optional Stripe.",
        "README.md matches the actual folder structure and commands."
      ]
    }
  ],
  "constraints": [
    "Backend must be implemented in a single Motoko actor (backend/main.mo); do not introduce additional backend services.",
    "Frontend must be React + TypeScript with Tailwind and React Query; do not modify files under frontend/src/components/ui or other immutable paths listed in SYSTEM_CONTEXT.",
    "Use Internet Identity for authentication; do not implement JWT/bcrypt or third-party auth providers.",
    "Do not use WebSockets/Socket.io; implement messaging without realtime sockets (e.g., polling).",
    "Do not rely on external databases (MongoDB/Supabase); persist state in the Motoko canister.",
    "Use English for all user-facing text."
  ],
  "nonGoals": [
    "Implementing Node.js/Express/MongoDB/JWT/bcrypt/Multer/Cloudinary exactly as originally requested (not supported on this platform).",
    "True real-time chat via WebSockets/Socket.io and typing indicators/read receipts.",
    "SSR/Next.js; build as SPA with client-side routing.",
    "Advanced admin CMS features beyond basic view/delete for users and gigs.",
    "Dispute resolution, escrow, refunds, or complex payout flows."
  ],
  "imageRequirements": {
    "required": [],
    "edits": []
  }
}