{
  "kind": "coverage_report",
  "version": "1.0",
  "generatedAt": "2026-02-10T14:05:46.968Z",
  "sources": {
    "buildRequest": true,
    "implementationPlan": true
  },
  "requirements": {
    "total": 12,
    "implemented": 11,
    "items": [
      {
        "id": "REQ-1",
        "summary": "Implement Internet Identity authentication and persist a user profile that includes role selection (Client, Freelancer, Admin) with role-based access control enforced across the app.",
        "status": "implemented",
        "plannedFiles": [
          "frontend/src/App.tsx",
          "frontend/src/components/auth/LoginButton.tsx",
          "frontend/src/components/auth/ProfileSetupModal.tsx",
          "frontend/src/hooks/useCurrentUser.ts",
          "frontend/src/components/auth/RouteGuards.tsx",
          "frontend/src/components/auth/AccessDeniedScreen.tsx",
          "frontend/src/components/layout/AppLayout.tsx"
        ],
        "matchedFiles": [
          "frontend/src/App.tsx",
          "frontend/src/components/auth/LoginButton.tsx",
          "frontend/src/components/auth/ProfileSetupModal.tsx",
          "frontend/src/hooks/useCurrentUser.ts",
          "frontend/src/components/layout/AppLayout.tsx"
        ]
      },
      {
        "id": "REQ-10",
        "summary": "Choose and apply a coherent visual theme for the marketplace (colors, typography, spacing, and component styling) and enforce it consistently across all pages; avoid a blue/purple primary palette unless explicitly required.",
        "status": "implemented",
        "plannedFiles": [
          "frontend/src/index.css",
          "frontend/tailwind.config.js",
          "frontend/src/components/layout/AppLayout.tsx"
        ],
        "matchedFiles": [
          "frontend/src/index.css",
          "frontend/tailwind.config.js",
          "frontend/src/components/layout/AppLayout.tsx"
        ]
      },
      {
        "id": "REQ-11",
        "summary": "Seed the backend with sample data: at least one Client, one Freelancer, an Admin principal configuration entry, and multiple gigs; ensure the UI has sample content immediately after deployment.",
        "status": "unknown",
        "plannedFiles": [],
        "matchedFiles": []
      },
      {
        "id": "REQ-12",
        "summary": "Provide project documentation in README.md covering: project description, feature list, tech stack (as implemented), environment/config variables, how to run locally on the Internet Computer tooling, and optional Stripe setup.",
        "status": "implemented",
        "plannedFiles": [
          "frontend/README.md"
        ],
        "matchedFiles": [
          "frontend/README.md"
        ]
      },
      {
        "id": "REQ-2",
        "summary": "Create backend data models and CRUD APIs for freelancer gigs with fields: title, description, category, price, delivery time, and image URLs; include public gig listing and gig detail retrieval.",
        "status": "implemented",
        "plannedFiles": [
          "frontend/src/pages/services/ServicesListPage.tsx",
          "frontend/src/pages/services/ServiceDetailPage.tsx",
          "frontend/src/pages/services/ServiceEditorPage.tsx",
          "frontend/src/hooks/services/useServices.ts",
          "frontend/src/components/services/ServiceCard.tsx",
          "frontend/src/components/forms/ValidatedField.tsx",
          "frontend/src/router/router.tsx"
        ],
        "matchedFiles": [
          "frontend/src/pages/services/ServicesListPage.tsx",
          "frontend/src/pages/services/ServiceDetailPage.tsx",
          "frontend/src/pages/services/ServiceEditorPage.tsx",
          "frontend/src/components/services/ServiceCard.tsx"
        ]
      },
      {
        "id": "REQ-3",
        "summary": "Implement browse/search for gigs: keyword search, filter by category and price range, and sort by newest and price.",
        "status": "implemented",
        "plannedFiles": [
          "frontend/src/components/services/ServiceSearchBar.tsx",
          "frontend/src/components/services/ServiceFilters.tsx",
          "frontend/src/hooks/services/useServiceSearch.ts",
          "frontend/src/pages/services/ServicesListPage.tsx"
        ],
        "matchedFiles": [
          "frontend/src/pages/services/ServicesListPage.tsx"
        ]
      },
      {
        "id": "REQ-4",
        "summary": "Implement an order system where a Client can purchase a gig and create an order; support order statuses: Pending, In Progress, Delivered, Completed; enforce role-based transitions (Freelancer updates status; Client marks completed).",
        "status": "implemented",
        "plannedFiles": [
          "frontend/src/hooks/orders/useOrders.ts",
          "frontend/src/components/orders/OrderStatusBadge.tsx",
          "frontend/src/pages/orders/OrderDetailPage.tsx",
          "frontend/src/pages/dashboards/ClientOrdersPage.tsx",
          "frontend/src/pages/dashboards/FreelancerOrdersPage.tsx",
          "frontend/src/pages/services/ServiceDetailPage.tsx",
          "frontend/src/router/router.tsx"
        ],
        "matchedFiles": [
          "frontend/src/components/orders/OrderStatusBadge.tsx",
          "frontend/src/pages/orders/OrderDetailPage.tsx",
          "frontend/src/pages/dashboards/ClientOrdersPage.tsx",
          "frontend/src/pages/dashboards/FreelancerOrdersPage.tsx",
          "frontend/src/pages/services/ServiceDetailPage.tsx"
        ]
      },
      {
        "id": "REQ-5",
        "summary": "Implement messaging between client and freelancer linked to a specific order, with persistent history stored in the backend; use a non-realtime UX (polling/refresh) compatible with platform constraints.",
        "status": "implemented",
        "plannedFiles": [
          "frontend/src/hooks/messages/useOrderMessages.ts",
          "frontend/src/components/messages/MessageThread.tsx",
          "frontend/src/components/messages/MessageComposer.tsx",
          "frontend/src/pages/orders/OrderMessagesPage.tsx",
          "frontend/src/pages/orders/OrderDetailPage.tsx",
          "frontend/src/router/router.tsx"
        ],
        "matchedFiles": [
          "frontend/src/components/messages/MessageThread.tsx",
          "frontend/src/components/messages/MessageComposer.tsx",
          "frontend/src/pages/orders/OrderMessagesPage.tsx",
          "frontend/src/pages/orders/OrderDetailPage.tsx"
        ]
      },
      {
        "id": "REQ-6",
        "summary": "Implement reviews and ratings: only the Client can leave a 1–5 star review after an order is Completed; show reviews on the gig page and compute/display average rating.",
        "status": "implemented",
        "plannedFiles": [
          "frontend/src/hooks/reviews/useReviews.ts",
          "frontend/src/components/reviews/StarRating.tsx",
          "frontend/src/components/reviews/ReviewList.tsx",
          "frontend/src/components/reviews/LeaveReviewForm.tsx",
          "frontend/src/pages/services/ServiceDetailPage.tsx"
        ],
        "matchedFiles": [
          "frontend/src/components/reviews/ReviewList.tsx",
          "frontend/src/pages/services/ServiceDetailPage.tsx"
        ]
      },
      {
        "id": "REQ-7",
        "summary": "Create role-based dashboards: Client (My Orders, Messages, Profile), Freelancer (My Gigs, Orders, Earnings summary, Messages), Admin (view users, view gigs, delete users/gigs).",
        "status": "implemented",
        "plannedFiles": [
          "frontend/src/pages/dashboards/ClientDashboardPage.tsx",
          "frontend/src/pages/dashboards/FreelancerDashboardPage.tsx",
          "frontend/src/pages/dashboards/AdminDashboardPage.tsx",
          "frontend/src/pages/dashboards/ProfilePage.tsx",
          "frontend/src/pages/dashboards/ClientMessagesPage.tsx",
          "frontend/src/pages/dashboards/FreelancerMessagesPage.tsx",
          "frontend/src/pages/dashboards/FreelancerGigsPage.tsx",
          "frontend/src/hooks/admin/useAdmin.ts",
          "frontend/src/components/common/ConfirmDialog.tsx",
          "frontend/src/components/layout/AppLayout.tsx",
          "frontend/src/router/router.tsx"
        ],
        "matchedFiles": [
          "frontend/src/pages/dashboards/ClientDashboardPage.tsx",
          "frontend/src/pages/dashboards/FreelancerDashboardPage.tsx",
          "frontend/src/pages/dashboards/AdminDashboardPage.tsx",
          "frontend/src/pages/dashboards/ProfilePage.tsx",
          "frontend/src/pages/dashboards/ClientMessagesPage.tsx",
          "frontend/src/pages/dashboards/FreelancerMessagesPage.tsx",
          "frontend/src/pages/dashboards/FreelancerGigsPage.tsx",
          "frontend/src/components/common/ConfirmDialog.tsx",
          "frontend/src/components/layout/AppLayout.tsx"
        ]
      },
      {
        "id": "REQ-8",
        "summary": "Add optional Stripe payments that fail gracefully: provide a configuration-driven payment step and store payment status on orders; when Stripe keys/config are missing, the app still runs and users can create orders without crashing.",
        "status": "implemented",
        "plannedFiles": [
          "frontend/src/hooks/payments/useStripeConfiguration.ts",
          "frontend/src/hooks/payments/useCheckout.ts",
          "frontend/src/pages/payments/PaymentSuccessPage.tsx",
          "frontend/src/pages/payments/PaymentFailurePage.tsx",
          "frontend/src/components/payments/PaymentSetupPanel.tsx",
          "frontend/src/components/payments/OrderPaymentSection.tsx",
          "frontend/src/pages/orders/OrderDetailPage.tsx",
          "frontend/src/pages/dashboards/AdminDashboardPage.tsx",
          "frontend/src/router/router.tsx"
        ],
        "matchedFiles": [
          "frontend/src/pages/payments/PaymentSuccessPage.tsx",
          "frontend/src/pages/payments/PaymentFailurePage.tsx",
          "frontend/src/pages/orders/OrderDetailPage.tsx",
          "frontend/src/pages/dashboards/AdminDashboardPage.tsx"
        ]
      },
      {
        "id": "REQ-9",
        "summary": "Add app-wide UX requirements: modern marketplace UI, responsive layouts, reusable components, and consistent loading/error states for all network operations using React Query.",
        "status": "implemented",
        "plannedFiles": [
          "frontend/src/components/common/LoadingState.tsx",
          "frontend/src/components/common/ErrorState.tsx",
          "frontend/src/components/common/EmptyState.tsx",
          "frontend/src/components/common/Button.tsx",
          "frontend/src/components/common/Card.tsx",
          "frontend/src/hooks/useToast.tsx",
          "frontend/src/pages/services/ServicesListPage.tsx",
          "frontend/src/pages/services/ServiceDetailPage.tsx",
          "frontend/src/pages/orders/OrderDetailPage.tsx"
        ],
        "matchedFiles": [
          "frontend/src/components/common/LoadingState.tsx",
          "frontend/src/components/common/ErrorState.tsx",
          "frontend/src/components/common/EmptyState.tsx",
          "frontend/src/pages/services/ServicesListPage.tsx",
          "frontend/src/pages/services/ServiceDetailPage.tsx",
          "frontend/src/pages/orders/OrderDetailPage.tsx"
        ]
      }
    ]
  },
  "changedFiles": [
    "backend/authorization/MixinAuthorization.mo",
    "backend/authorization/access-control.mo",
    "backend/http-outcalls/outcall.mo",
    "backend/main.mo",
    "backend/stripe/stripe.mo",
    "build-request.json",
    "build-template/Dockerfile",
    "build-template/LICENSE",
    "build-template/README.md",
    "build-template/deploy.sh",
    "build-template/icp.yaml",
    "build-template/package.json",
    "build-template/pnpm-lock.yaml",
    "build-template/pnpm-workspace.yaml",
    "build-template/scripts/prune-unused-images.js",
    "build-template/scripts/resize-images.js",
    "build-template/src/backend/canister.yaml",
    "build-template/src/backend/system-idl/aaaaa-aa.did",
    "build-template/src/frontend/canister.yaml",
    "build-template/src/frontend/components.json",
    "build-template/src/frontend/env.json",
    "build-template/src/frontend/eslint-rules/no-bigint-in-query-keys.js",
    "build-template/src/frontend/eslint-rules/require-internet-identity-provider.js",
    "build-template/src/frontend/eslint.config.js",
    "build-template/src/frontend/package.json",
    "build-template/src/frontend/postcss.config.js",
    "build-template/src/frontend/src/components/ui/accordion.tsx",
    "build-template/src/frontend/src/components/ui/alert-dialog.tsx",
    "build-template/src/frontend/src/components/ui/alert.tsx",
    "build-template/src/frontend/src/components/ui/aspect-ratio.tsx",
    "build-template/src/frontend/src/components/ui/avatar.tsx",
    "build-template/src/frontend/src/components/ui/badge.tsx",
    "build-template/src/frontend/src/components/ui/breadcrumb.tsx",
    "build-template/src/frontend/src/components/ui/button.tsx",
    "build-template/src/frontend/src/components/ui/calendar.tsx",
    "build-template/src/frontend/src/components/ui/card.tsx",
    "build-template/src/frontend/src/components/ui/carousel.tsx",
    "build-template/src/frontend/src/components/ui/chart.tsx",
    "build-template/src/frontend/src/components/ui/checkbox.tsx",
    "build-template/src/frontend/src/components/ui/collapsible.tsx",
    "build-template/src/frontend/src/components/ui/command.tsx",
    "build-template/src/frontend/src/components/ui/context-menu.tsx",
    "build-template/src/frontend/src/components/ui/dialog.tsx",
    "build-template/src/frontend/src/components/ui/drawer.tsx",
    "build-template/src/frontend/src/components/ui/dropdown-menu.tsx",
    "build-template/src/frontend/src/components/ui/form.tsx",
    "build-template/src/frontend/src/components/ui/hover-card.tsx",
    "build-template/src/frontend/src/components/ui/input-otp.tsx",
    "build-template/src/frontend/src/components/ui/input.tsx",
    "build-template/src/frontend/src/components/ui/label.tsx",
    "build-template/src/frontend/src/components/ui/menubar.tsx",
    "build-template/src/frontend/src/components/ui/navigation-menu.tsx",
    "build-template/src/frontend/src/components/ui/pagination.tsx",
    "build-template/src/frontend/src/components/ui/popover.tsx",
    "build-template/src/frontend/src/components/ui/progress.tsx",
    "build-template/src/frontend/src/components/ui/radio-group.tsx",
    "build-template/src/frontend/src/components/ui/resizable.tsx",
    "build-template/src/frontend/src/components/ui/scroll-area.tsx",
    "build-template/src/frontend/src/components/ui/select.tsx",
    "build-template/src/frontend/src/components/ui/separator.tsx",
    "build-template/src/frontend/src/components/ui/sheet.tsx",
    "build-template/src/frontend/src/components/ui/sidebar.tsx",
    "build-template/src/frontend/src/components/ui/skeleton.tsx",
    "build-template/src/frontend/src/components/ui/slider.tsx",
    "build-template/src/frontend/src/components/ui/sonner.tsx",
    "build-template/src/frontend/src/components/ui/switch.tsx",
    "build-template/src/frontend/src/components/ui/table.tsx",
    "build-template/src/frontend/src/components/ui/tabs.tsx",
    "build-template/src/frontend/src/components/ui/textarea.tsx",
    "build-template/src/frontend/src/components/ui/toggle-group.tsx",
    "build-template/src/frontend/src/components/ui/toggle.tsx",
    "build-template/src/frontend/src/components/ui/tooltip.tsx",
    "build-template/src/frontend/src/hooks/use-mobile.tsx",
    "build-template/src/frontend/src/lib/utils.ts",
    "build-template/src/frontend/tsconfig.json",
    "build-template/src/frontend/vite.config.js",
    "build-template/tsconfig.json",
    "caffeine.lock.json",
    "feature_evidence.json",
    "frontend-file-summaries.txt",
    "frontend-implementation-plan.json",
    "frontend/README.md",
    "frontend/index.css",
    "frontend/index.html",
    "frontend/src/App.tsx",
    "frontend/src/backend.d.ts",
    "frontend/src/backend.ts",
    "frontend/src/components/auth/LoginButton.tsx",
    "frontend/src/components/auth/ProfileSetupModal.tsx",
    "frontend/src/components/common/ConfirmDialog.tsx",
    "frontend/src/components/common/EmptyState.tsx",
    "frontend/src/components/common/ErrorState.tsx",
    "frontend/src/components/common/LoadingState.tsx",
    "frontend/src/components/layout/AppLayout.tsx",
    "frontend/src/components/messages/MessageComposer.tsx",
    "frontend/src/components/messages/MessageThread.tsx",
    "frontend/src/components/orders/OrderStatusBadge.tsx",
    "frontend/src/components/reviews/ReviewList.tsx",
    "frontend/src/components/services/ServiceCard.tsx",
    "frontend/src/config.ts",
    "frontend/src/declarations/backend.did.d.ts",
    "frontend/src/declarations/backend.did.js",
    "frontend/src/hooks/useActor.ts",
    "frontend/src/hooks/useCurrentUser.ts",
    "frontend/src/hooks/useInternetIdentity.ts",
    "frontend/src/hooks/useQueries.ts",
    "frontend/src/index.css",
    "frontend/src/main.tsx",
    "frontend/src/pages/dashboards/AdminDashboardPage.tsx",
    "frontend/src/pages/dashboards/ClientDashboardPage.tsx",
    "frontend/src/pages/dashboards/ClientMessagesPage.tsx",
    "frontend/src/pages/dashboards/ClientOrdersPage.tsx",
    "frontend/src/pages/dashboards/FreelancerDashboardPage.tsx",
    "frontend/src/pages/dashboards/FreelancerGigsPage.tsx",
    "frontend/src/pages/dashboards/FreelancerMessagesPage.tsx",
    "frontend/src/pages/dashboards/FreelancerOrdersPage.tsx",
    "frontend/src/pages/dashboards/ProfilePage.tsx",
    "frontend/src/pages/orders/OrderDetailPage.tsx",
    "frontend/src/pages/orders/OrderMessagesPage.tsx",
    "frontend/src/pages/payments/PaymentFailurePage.tsx",
    "frontend/src/pages/payments/PaymentSuccessPage.tsx",
    "frontend/src/pages/services/ServiceDetailPage.tsx",
    "frontend/src/pages/services/ServiceEditorPage.tsx",
    "frontend/src/pages/services/ServicesListPage.tsx",
    "frontend/src/ui-summary.json",
    "frontend/src/utils/StorageClient.ts",
    "frontend/src/utils/urlParams.ts",
    "frontend/tailwind.config.js",
    "project_state.json",
    "scratch/component-selection.json",
    "spec.md",
    "spec_vs_diff_report.json"
  ]
}