{
  "kind": "implementation_plan",
  "version": "1.0",
  "title": "Freelancer Marketplace (Fiverr-style) – Frontend Plan (React + TS + Tailwind + React Query)",
  "requirements": [
    {
      "id": "REQ-1",
      "summary": "Add Internet Identity sign-in UX, first-login role selection/profile persistence, and role-based route guarding across the SPA.",
      "acceptanceCriteria": [
        "Users can sign in using Internet Identity.",
        "On first sign-in, users can choose a role (Client/Freelancer) and save it; Admin role is restricted (e.g., allowlist by Principal).",
        "Backend rejects unauthorized mutations (e.g., only Freelancer can create gigs; only Admin can delete any user/gig).",
        "Frontend route guards prevent navigating to dashboards not allowed for the signed-in role."
      ],
      "file_operations": [
        {
          "path": "frontend/src/App.tsx",
          "operation": "create",
          "description": "Create the top-level App shell that wires authentication state (Internet Identity), fetches the caller profile/role, and mounts the router + global layout. Use the selected authorization component concepts (caller profile + role checks) to drive UI state; verify the component's usage instructions before implementing."
        },
        {
          "path": "frontend/src/components/auth/LoginButton.tsx",
          "operation": "create",
          "description": "Add a reusable Login/Logout button using Internet Identity from existing hooks, and clear React Query cache on logout per the selected authorization component guidance; verify the component's usage instructions before implementing."
        },
        {
          "path": "frontend/src/components/auth/ProfileSetupModal.tsx",
          "operation": "create",
          "description": "Create a first-login modal that prompts for required profile fields and role selection (Client/Freelancer), calling getCallerUserProfile/saveCallerUserProfile via React Query. Prevent modal flash by following the selected authorization component's loading/isFetched pattern; verify the component's usage instructions before implementing."
        },
        {
          "path": "frontend/src/hooks/useCurrentUser.ts",
          "operation": "create",
          "description": "Add React Query hooks to load current identity-derived principal info, getCallerUserProfile, and getCallerUserRole/isCallerAdmin, exposing a single source of truth for signed-in state and role-based UI decisions. Use the selected authorization component patterns; verify the component's usage instructions before implementing."
        },
        {
          "path": "frontend/src/components/auth/RouteGuards.tsx",
          "operation": "create",
          "description": "Implement reusable route guard components/helpers (e.g., RequireAuth, RequireRole, RequireAdmin) that render an AccessDenied screen or redirect to sign-in as appropriate. Align guard behavior with roles from the selected authorization component; verify the component's usage instructions before implementing."
        },
        {
          "path": "frontend/src/components/auth/AccessDeniedScreen.tsx",
          "operation": "create",
          "description": "Add an access-denied screen shown when the user is authenticated but lacks permissions, per the selected authorization component guidance; verify the component's usage instructions before implementing."
        },
        {
          "path": "frontend/src/components/layout/AppLayout.tsx",
          "operation": "create",
          "description": "Create a responsive app layout with role-aware navigation (public browsing always available; dashboard links shown only when permitted). Ensure user-facing text is English."
        }
      ]
    },
    {
      "id": "REQ-2",
      "summary": "Implement gig (service) listing, detail, and freelancer-owned create/edit/delete flows with form validation and image URL rendering.",
      "acceptanceCriteria": [
        "Freelancers can create, edit, and delete their own gigs.",
        "Clients and anonymous users can view the gig list and gig detail pages.",
        "Gig creation/edit forms validate required fields and show errors.",
        "Gigs display images using provided image URLs (no external upload services required)."
      ],
      "file_operations": [
        {
          "path": "frontend/src/pages/services/ServicesListPage.tsx",
          "operation": "create",
          "description": "Create the public gig (service) listing page backed by React Query calls to load services; show responsive cards, loading skeletons/spinners, and friendly error UI."
        },
        {
          "path": "frontend/src/pages/services/ServiceDetailPage.tsx",
          "operation": "create",
          "description": "Create the gig (service) detail page that loads a single service and renders its fields, including images from the stored image URLs, with consistent loading/error states."
        },
        {
          "path": "frontend/src/pages/services/ServiceEditorPage.tsx",
          "operation": "create",
          "description": "Create freelancer-only create/edit form for gigs (service). Validate required fields (title/name, description, category, price, delivery time/duration) and disable submit while saving; show inline validation messages."
        },
        {
          "path": "frontend/src/hooks/services/useServices.ts",
          "operation": "create",
          "description": "Add React Query hooks for getServices/getService and mutations for addService/updateService/deleteService with shared error handling and cache invalidation."
        },
        {
          "path": "frontend/src/components/services/ServiceCard.tsx",
          "operation": "create",
          "description": "Add a reusable gig (service) card component for list + dashboard reuse, including price/category/rating summary and image rendering with graceful fallback."
        },
        {
          "path": "frontend/src/components/forms/ValidatedField.tsx",
          "operation": "create",
          "description": "Create a small reusable input wrapper component to standardize label, help text, error message, and disabled styles across forms."
        },
        {
          "path": "frontend/src/router/router.tsx",
          "operation": "create",
          "description": "Add client-side routes for service list, service detail, and freelancer service editor pages, wiring navigation so these views are reachable (no orphan pages)."
        }
      ]
    },
    {
      "id": "REQ-3",
      "summary": "Add browse/search UX for gigs with keyword search, category/price filters, and sorting options with reasonable limiting.",
      "acceptanceCriteria": [
        "Gig list page supports keyword search and updates results.",
        "Category and price filters can be applied together.",
        "Sort options include newest, price low-to-high, and price high-to-low.",
        "Filtering/sorting works correctly with pagination or reasonable limiting."
      ],
      "file_operations": [
        {
          "path": "frontend/src/components/services/ServiceSearchBar.tsx",
          "operation": "create",
          "description": "Create a reusable search bar component with keyword input and debounced updates, integrated into the services listing UX."
        },
        {
          "path": "frontend/src/components/services/ServiceFilters.tsx",
          "operation": "create",
          "description": "Create filter UI for category and price range and a sort selector; support combining filters and resetting to defaults."
        },
        {
          "path": "frontend/src/hooks/services/useServiceSearch.ts",
          "operation": "create",
          "description": "Implement a React Query hook that calls backend search capability, mapping UI filters/sort to query keys, applying reasonable client-side limiting/pagination (e.g., 'Load more' or page size) without breaking combined filters."
        },
        {
          "path": "frontend/src/pages/services/ServicesListPage.tsx",
          "operation": "modify",
          "description": "Wire keyword search, filters, and sort controls into the listing page, ensuring loading/error states remain consistent for each query change."
        }
      ]
    },
    {
      "id": "REQ-4",
      "summary": "Implement order creation from gig detail and role-based order status management with access restricted to order participants/admin.",
      "acceptanceCriteria": [
        "Client can create an order from a gig detail page.",
        "Orders persist in the backend canister state and are visible after refresh.",
        "Freelancer can move an order through allowed statuses up to Delivered.",
        "Client can mark an order as Completed only after Delivered.",
        "Users can only access orders they are a party to (client or freelancer) unless Admin."
      ],
      "file_operations": [
        {
          "path": "frontend/src/hooks/orders/useOrders.ts",
          "operation": "create",
          "description": "Add React Query hooks for creating orders, fetching an order, fetching the current user's order feed, and updating order status with cache invalidation and authorization error messaging."
        },
        {
          "path": "frontend/src/components/orders/OrderStatusBadge.tsx",
          "operation": "create",
          "description": "Create a reusable status badge component mapping order status to consistent styling."
        },
        {
          "path": "frontend/src/pages/orders/OrderDetailPage.tsx",
          "operation": "create",
          "description": "Create an order detail page that shows status, participants, related gig/service info, payment status, and role-appropriate status transition actions (Freelancer progresses; Client completes after Delivered)."
        },
        {
          "path": "frontend/src/pages/dashboards/ClientOrdersPage.tsx",
          "operation": "create",
          "description": "Implement client dashboard orders list (only the caller’s orders), linking to order detail pages."
        },
        {
          "path": "frontend/src/pages/dashboards/FreelancerOrdersPage.tsx",
          "operation": "create",
          "description": "Implement freelancer dashboard orders list (only orders relevant to the caller), linking to order detail pages."
        },
        {
          "path": "frontend/src/pages/services/ServiceDetailPage.tsx",
          "operation": "modify",
          "description": "Add a client-only 'Create order' call-to-action on the gig detail page that triggers order creation and routes to the newly created order."
        },
        {
          "path": "frontend/src/router/router.tsx",
          "operation": "modify",
          "description": "Register routes for order detail and role-based dashboard order pages, guarded by authenticated role checks so unauthorized users can’t navigate there."
        }
      ]
    },
    {
      "id": "REQ-5",
      "summary": "Implement per-order messaging with persistent history, manual refresh and/or polling (no WebSockets), and participant-only access.",
      "acceptanceCriteria": [
        "Each order has an associated message thread visible to the client and freelancer on that order.",
        "Messages persist and load in chronological order.",
        "Only order participants (or Admin) can view/post messages.",
        "UI supports manual refresh and/or polling to fetch new messages without WebSockets."
      ],
      "file_operations": [
        {
          "path": "frontend/src/hooks/messages/useOrderMessages.ts",
          "operation": "create",
          "description": "Add React Query hooks for loading messages for an order and posting a new message; include optional polling configuration and a manual refresh action."
        },
        {
          "path": "frontend/src/components/messages/MessageThread.tsx",
          "operation": "create",
          "description": "Create a message thread component to render chronological history with sender attribution, empty state, loading, and error states."
        },
        {
          "path": "frontend/src/components/messages/MessageComposer.tsx",
          "operation": "create",
          "description": "Create a composer form to send a message with disabled submit while saving and consistent validation/error messaging."
        },
        {
          "path": "frontend/src/pages/orders/OrderMessagesPage.tsx",
          "operation": "create",
          "description": "Create an order messages view (linked to a specific order) combining thread + composer and providing manual refresh and optional polling toggle/behavior."
        },
        {
          "path": "frontend/src/pages/orders/OrderDetailPage.tsx",
          "operation": "modify",
          "description": "Add navigation to the order’s message thread and show a small message preview/summary section where appropriate."
        },
        {
          "path": "frontend/src/router/router.tsx",
          "operation": "modify",
          "description": "Wire a route for order messaging pages and ensure it is guarded so only order participants/admin can access."
        }
      ]
    },
    {
      "id": "REQ-6",
      "summary": "Implement reviews/ratings submission (client-only after completion), and display reviews + average rating on gig detail.",
      "acceptanceCriteria": [
        "Client can submit at most one review per completed order.",
        "Backend rejects reviews for orders that are not Completed or by non-client principals.",
        "Gig detail page shows list of reviews and an average rating.",
        "Average rating updates correctly after new reviews."
      ],
      "file_operations": [
        {
          "path": "frontend/src/hooks/reviews/useReviews.ts",
          "operation": "create",
          "description": "Add React Query hooks for loading reviews for a service and submitting a new review; ensure cache invalidation updates average rating and lists."
        },
        {
          "path": "frontend/src/components/reviews/StarRating.tsx",
          "operation": "create",
          "description": "Create a reusable 1–5 star rating display/input component (keyboard accessible where practical) for use in listings, detail, and forms."
        },
        {
          "path": "frontend/src/components/reviews/ReviewList.tsx",
          "operation": "create",
          "description": "Create a review list component showing rating, comment, and timestamp with consistent empty/loading/error states."
        },
        {
          "path": "frontend/src/components/reviews/LeaveReviewForm.tsx",
          "operation": "create",
          "description": "Create a client-only review form gated by order completion state; enforce UI-side single-submission per order and display backend rejection messages cleanly."
        },
        {
          "path": "frontend/src/pages/services/ServiceDetailPage.tsx",
          "operation": "modify",
          "description": "Wire reviews into gig detail: load/display average rating and reviews list, and show the leave-review form only when the signed-in client has a completed order eligible for review."
        }
      ]
    },
    {
      "id": "REQ-7",
      "summary": "Create role-based dashboards (Client/Freelancer/Admin) with navigation differences, relevant lists, earnings summary, and admin destructive actions with confirmation.",
      "acceptanceCriteria": [
        "Navigation and pages differ based on role.",
        "Client dashboard lists only the client’s orders and message threads.",
        "Freelancer dashboard lists only the freelancer’s gigs and related orders; earnings summary shows totals derived from completed orders.",
        "Admin dashboard shows user and gig lists and can delete users/gigs; destructive actions require confirmation."
      ],
      "file_operations": [
        {
          "path": "frontend/src/pages/dashboards/ClientDashboardPage.tsx",
          "operation": "create",
          "description": "Create a client dashboard landing page that links to My Orders, Messages, and Profile sections with responsive layout."
        },
        {
          "path": "frontend/src/pages/dashboards/FreelancerDashboardPage.tsx",
          "operation": "create",
          "description": "Create a freelancer dashboard landing page that links to My Gigs, Orders, Earnings summary, and Messages; compute earnings from completed orders in the feed."
        },
        {
          "path": "frontend/src/pages/dashboards/AdminDashboardPage.tsx",
          "operation": "create",
          "description": "Create a basic admin dashboard with user list and gig list views, and controls for deleting users/gigs with confirmation dialogs."
        },
        {
          "path": "frontend/src/pages/dashboards/ProfilePage.tsx",
          "operation": "create",
          "description": "Create a profile page to view/edit the caller profile fields; keep all user-facing text in English."
        },
        {
          "path": "frontend/src/pages/dashboards/ClientMessagesPage.tsx",
          "operation": "create",
          "description": "Create a client messages page that surfaces message threads derived from the user’s orders and links into order message views."
        },
        {
          "path": "frontend/src/pages/dashboards/FreelancerMessagesPage.tsx",
          "operation": "create",
          "description": "Create a freelancer messages page that surfaces message threads derived from the user’s orders and links into order message views."
        },
        {
          "path": "frontend/src/pages/dashboards/FreelancerGigsPage.tsx",
          "operation": "create",
          "description": "Create a freelancer 'My Gigs' page listing only the caller’s gigs with edit/delete actions and links to the editor page."
        },
        {
          "path": "frontend/src/hooks/admin/useAdmin.ts",
          "operation": "create",
          "description": "Add React Query hooks for admin views: listing users (as profiles where available), listing gigs, and performing delete actions with optimistic UI safeguards and confirmation."
        },
        {
          "path": "frontend/src/components/common/ConfirmDialog.tsx",
          "operation": "create",
          "description": "Create a reusable confirmation dialog component used for destructive admin actions and gig deletion."
        },
        {
          "path": "frontend/src/components/layout/AppLayout.tsx",
          "operation": "modify",
          "description": "Wire role-based navigation entries for dashboards and ensure public browsing links remain accessible to anonymous users."
        },
        {
          "path": "frontend/src/router/router.tsx",
          "operation": "modify",
          "description": "Register and guard dashboard routes by role (Client/Freelancer/Admin), ensuring unauthorized navigation is blocked by route guards."
        }
      ]
    },
    {
      "id": "REQ-8",
      "summary": "Add optional Stripe payment UX that is configuration-driven, fails gracefully when unconfigured, and updates order payment status via backend interactions.",
      "acceptanceCriteria": [
        "Order includes a paymentStatus field (e.g., Unpaid/Paid/NotRequired/Failed).",
        "If Stripe is not configured, UI clearly indicates payments are disabled and continues with an unpaid/not-required flow without errors.",
        "If Stripe is configured, users can complete the payment flow and the order paymentStatus updates accordingly."
      ],
      "file_operations": [
        {
          "path": "frontend/src/hooks/payments/useStripeConfiguration.ts",
          "operation": "create",
          "description": "Add React Query hooks for checking whether Stripe is configured and for admin-only configuration updates. Use the selected stripe component guidance for configuration flow; verify the component's usage instructions before implementing."
        },
        {
          "path": "frontend/src/hooks/payments/useCheckout.ts",
          "operation": "create",
          "description": "Implement a checkout mutation that calls createCheckoutSession, parses returned JSON, validates a non-empty session url, and redirects using window.location.href (not router). Use the selected stripe component guidance; verify the component's usage instructions before implementing."
        },
        {
          "path": "frontend/src/pages/payments/PaymentSuccessPage.tsx",
          "operation": "create",
          "description": "Create a payment success page that reads session information from the URL, checks session status, and triggers order payment completion where required using backend capabilities. Use the selected stripe component guidance; verify the component's usage instructions before implementing."
        },
        {
          "path": "frontend/src/pages/payments/PaymentFailurePage.tsx",
          "operation": "create",
          "description": "Create a payment failure page that shows a friendly error, offers navigation back to the relevant order, and avoids crashes when data is missing. Use the selected stripe component guidance; verify the component's usage instructions before implementing."
        },
        {
          "path": "frontend/src/components/payments/PaymentSetupPanel.tsx",
          "operation": "create",
          "description": "Create an admin-only Stripe setup panel that prompts for secret key and allowed countries, shown only when Stripe is not configured. Use the selected stripe component guidance; verify the component's usage instructions before implementing."
        },
        {
          "path": "frontend/src/components/payments/OrderPaymentSection.tsx",
          "operation": "create",
          "description": "Add an order-level payment section that (a) detects if Stripe is configured, (b) shows 'payments disabled' messaging when not configured and proceeds with not-required/unpaid flow, and (c) initiates Stripe checkout when configured."
        },
        {
          "path": "frontend/src/pages/orders/OrderDetailPage.tsx",
          "operation": "modify",
          "description": "Wire the payment section into the order detail page and ensure payment-related network operations have consistent loading/error states."
        },
        {
          "path": "frontend/src/pages/dashboards/AdminDashboardPage.tsx",
          "operation": "modify",
          "description": "Add a Stripe configuration area in the admin dashboard, prompting configuration on admin login only when not configured. Use the selected stripe component guidance; verify the component's usage instructions before implementing."
        },
        {
          "path": "frontend/src/router/router.tsx",
          "operation": "modify",
          "description": "Register routes for /payment-success and /payment-failure and ensure they are reachable via Stripe redirect return paths. Use the selected stripe component guidance; verify the component's usage instructions before implementing."
        }
      ]
    },
    {
      "id": "REQ-9",
      "summary": "Deliver modern responsive marketplace UI with reusable components and consistent loading/error states for all network operations using React Query.",
      "acceptanceCriteria": [
        "All pages are responsive and usable on mobile and desktop.",
        "All backend interactions show loading indicators and user-friendly error messages.",
        "Forms use consistent validation messaging and disabled submit states while saving.",
        "Common UI elements (cards, buttons, inputs, dialogs) are reused consistently."
      ],
      "file_operations": [
        {
          "path": "frontend/src/components/common/LoadingState.tsx",
          "operation": "create",
          "description": "Create reusable loading UI (spinner/skeleton wrapper) that can be used across pages and data panels for React Query loading states."
        },
        {
          "path": "frontend/src/components/common/ErrorState.tsx",
          "operation": "create",
          "description": "Create reusable error UI that maps common backend errors (including authorization traps) into user-friendly English messages and optional retry actions."
        },
        {
          "path": "frontend/src/components/common/EmptyState.tsx",
          "operation": "create",
          "description": "Create a reusable empty state component for lists (no gigs, no orders, no messages, no reviews)."
        },
        {
          "path": "frontend/src/components/common/Button.tsx",
          "operation": "create",
          "description": "Create a lightweight app-level Button wrapper (not modifying immutable UI component paths) to standardize sizing/variants and disabled/loading behavior."
        },
        {
          "path": "frontend/src/components/common/Card.tsx",
          "operation": "create",
          "description": "Create a reusable Card wrapper to standardize spacing, border, and shadow for marketplace UI surfaces."
        },
        {
          "path": "frontend/src/hooks/useToast.tsx",
          "operation": "create",
          "description": "Add a minimal toast/notification hook/component for non-blocking success/error messages across mutations (create/update/delete, message send, review submit, payment actions)."
        },
        {
          "path": "frontend/src/pages/services/ServicesListPage.tsx",
          "operation": "modify",
          "description": "Refactor to consistently use shared LoadingState/ErrorState/EmptyState components and responsive layout primitives."
        },
        {
          "path": "frontend/src/pages/services/ServiceDetailPage.tsx",
          "operation": "modify",
          "description": "Refactor to consistently use shared LoadingState/ErrorState components and responsive layout primitives."
        },
        {
          "path": "frontend/src/pages/orders/OrderDetailPage.tsx",
          "operation": "modify",
          "description": "Refactor to consistently use shared LoadingState/ErrorState components, and ensure all mutations have disabled submit states and visible progress indicators."
        }
      ]
    },
    {
      "id": "REQ-10",
      "summary": "Apply a coherent non-blue/non-purple primary visual theme with consistent typography and spacing across the marketplace.",
      "acceptanceCriteria": [
        "Theme is consistent across landing, listings, detail pages, dashboards, and forms.",
        "Primary color is not blue/purple.",
        "Typography scale and spacing feel consistent and intentional."
      ],
      "file_operations": [
        {
          "path": "frontend/src/index.css",
          "operation": "create",
          "description": "Create global Tailwind/CSS variables for the app theme (primary/foreground/background/etc.) using a non-blue/non-purple primary hue, and standardize typography and spacing tokens."
        },
        {
          "path": "frontend/tailwind.config.js",
          "operation": "modify",
          "description": "Adjust Tailwind theme extensions (via CSS variables already referenced) to ensure the primary palette is non-blue/non-purple and typography/spacing choices feel consistent."
        },
        {
          "path": "frontend/src/components/layout/AppLayout.tsx",
          "operation": "modify",
          "description": "Ensure layout-level styling (header/nav/footer/container widths) consistently applies the theme and spacing system across pages."
        }
      ]
    },
    {
      "id": "REQ-12",
      "summary": "Provide project documentation describing features, tech stack, configuration variables, local run steps, and optional Stripe setup.",
      "acceptanceCriteria": [
        "README.md includes clear steps to install dependencies and run the app locally.",
        "README.md documents configuration for admin allowlist and optional Stripe.",
        "README.md matches the actual folder structure and commands."
      ],
      "file_operations": [
        {
          "path": "frontend/README.md",
          "operation": "create",
          "description": "Add frontend-focused documentation covering UI features implemented, React Query usage patterns, required environment/config values for Internet Identity, and optional Stripe UI flows (including graceful behavior when unconfigured). Ensure all user-facing text is English and aligns with the actual frontend folder structure."
        }
      ]
    }
  ]
}