{
  "kind": "spec_vs_diff_report",
  "version": "1.0",
  "generatedAt": "2026-02-10T14:05:46.963Z",
  "summary": "Diff adds a React+TS frontend with Internet Identity auth, React Query hooks, marketplace pages (services/gigs, orders/projects, messages, reviews), and a single Motoko actor that defines profiles/roles, services, projects (orders), messages, reviews, and Stripe configuration hooks. However, several BuildRequest requirements are either not evidenced in the shown diffs (notably gig image URLs, browse/search/filter/sort, seeding, and README), and some access-control initialization via a URL “secret token” appears unrequested.",
  "missing_requirements": [
    {
      "id": "REQ-2",
      "requirement": "Gigs include required fields (title, description, category, price, delivery time, and image URLs) and CRUD supports those fields; gigs display images from image URLs.",
      "reason": "Backend Service model shown uses `name` and optional `duration` and does not include `title`/`delivery time` as specified nor any `imageUrls` field; frontend ServiceCard also does not render images.",
      "evidence": [
        "backend/main.mo",
        "frontend/src/components/services/ServiceCard.tsx",
        "frontend/src/hooks/useQueries.ts"
      ]
    },
    {
      "id": "REQ-3",
      "requirement": "Browse/search for gigs with keyword search, category + price range filters, and sort (newest, price low-high, price high-low).",
      "reason": "No evidence in provided diffs of search query parameters, filter/sort UI, or backend query methods for filtering/sorting/pagination/limiting; only `useGetServices()` calling `actor.getServices()` is shown.",
      "evidence": [
        "frontend/src/hooks/useQueries.ts",
        "frontend/src/App.tsx"
      ]
    },
    {
      "id": "REQ-4",
      "requirement": "Order status transitions enforced by role (Freelancer updates up to Delivered; Client marks Completed only after Delivered) and access control so only parties/admin can access orders.",
      "reason": "Order status enum exists, and order pages are routed, but the diff excerpt does not show backend mutation methods for creating orders, updating status with role checks, or access checks on reads/writes.",
      "evidence": [
        "backend/main.mo",
        "frontend/src/App.tsx"
      ]
    },
    {
      "id": "REQ-5",
      "requirement": "Messaging linked to a specific order with non-realtime UX (manual refresh and/or polling) and participant-only access enforcement.",
      "reason": "Message types and UI components exist, and an OrderMessages route exists, but the diff excerpt does not show polling/refresh logic (e.g., React Query refetchInterval or manual refresh control) nor backend authorization checks for message access/posting.",
      "evidence": [
        "backend/main.mo",
        "frontend/src/components/messages/MessageThread.tsx",
        "frontend/src/components/messages/MessageComposer.tsx",
        "frontend/src/App.tsx"
      ]
    },
    {
      "id": "REQ-6",
      "requirement": "Only Client can leave a 1–5 star review after an order is Completed; at most one review per completed order; show reviews + average rating on gig page.",
      "reason": "Review list UI exists and Service model contains `reviews` and `averageRating`, but the diff excerpt does not show backend methods/enforcement for: (1) only client, (2) only after completed, (3) one review per order, or (4) recomputing average rating upon new reviews.",
      "evidence": [
        "backend/main.mo",
        "frontend/src/components/reviews/ReviewList.tsx"
      ]
    },
    {
      "id": "REQ-7",
      "requirement": "Role-based dashboards including Freelancer earnings summary derived from completed orders; Admin view/delete users/gigs with confirmation; client/freelancer dashboards list correct scoped data.",
      "reason": "Dashboard routes/pages are referenced, and a reusable ConfirmDialog exists, but the diff excerpt does not show earnings calculations, admin list/delete APIs/UI, or scoped queries for dashboard data.",
      "evidence": [
        "frontend/src/App.tsx",
        "frontend/src/components/common/ConfirmDialog.tsx",
        "backend/main.mo"
      ]
    },
    {
      "id": "REQ-11",
      "requirement": "Seed backend with sample data: at least one Client, one Freelancer, an Admin principal allowlist/config entry, and multiple gigs visible immediately after deployment.",
      "reason": "No evidence in shown backend code excerpt of seeded initial profiles/gigs or documented/implemented admin allowlist entries; state maps are initialized empty in the excerpt.",
      "evidence": [
        "backend/main.mo"
      ]
    },
    {
      "id": "REQ-12",
      "requirement": "Provide project documentation in README.md (description, features, tech stack, env/config vars, local run steps, admin allowlist config, optional Stripe setup).",
      "reason": "No README.md is included in the diff summary additions shown.",
      "evidence": []
    }
  ],
  "hallucinated_features": [
    {
      "description": "Access-control initialization via a URL secret parameter (`caffeineAdminToken`) to call `_initializeAccessControlWithSecret` from the frontend.",
      "reason": "BuildRequest specifies Admin role restriction by Principal allowlist/config and Internet Identity auth; it does not request a URL-secret-token mechanism for initializing admin/access control.",
      "evidence": [
        "frontend/src/hooks/useActor.ts"
      ]
    }
  ],
  "confidence": 0.62,
  "changed_files": [
    "all_files_summary.json",
    "backend/main.mo",
    "frontend-file-summaries.txt",
    "frontend/README.md",
    "frontend/index.css",
    "frontend/index.html",
    "frontend/src/App.tsx",
    "frontend/src/components/auth/LoginButton.tsx",
    "frontend/src/components/auth/ProfileSetupModal.tsx",
    "frontend/src/components/common/ConfirmDialog.tsx",
    "frontend/src/components/common/EmptyState.tsx",
    "frontend/src/components/common/ErrorState.tsx",
    "frontend/src/components/common/LoadingState.tsx",
    "frontend/src/components/layout/AppLayout.tsx",
    "frontend/src/components/messages/MessageComposer.tsx",
    "frontend/src/components/messages/MessageThread.tsx",
    "frontend/src/components/orders/OrderStatusBadge.tsx",
    "frontend/src/components/reviews/ReviewList.tsx",
    "frontend/src/components/services/ServiceCard.tsx",
    "frontend/src/hooks/useActor.ts",
    "frontend/src/hooks/useCurrentUser.ts",
    "frontend/src/hooks/useInternetIdentity.ts",
    "frontend/src/hooks/useQueries.ts",
    "frontend/src/index.css",
    "frontend/src/main.tsx",
    "frontend/src/pages/dashboards/AdminDashboardPage.tsx",
    "frontend/src/pages/dashboards/ClientDashboardPage.tsx",
    "frontend/src/pages/dashboards/ClientMessagesPage.tsx",
    "frontend/src/pages/dashboards/ClientOrdersPage.tsx",
    "frontend/src/pages/dashboards/FreelancerDashboardPage.tsx",
    "frontend/src/pages/dashboards/FreelancerGigsPage.tsx",
    "frontend/src/pages/dashboards/FreelancerMessagesPage.tsx",
    "frontend/src/pages/dashboards/FreelancerOrdersPage.tsx",
    "frontend/src/pages/dashboards/ProfilePage.tsx",
    "frontend/src/pages/orders/OrderDetailPage.tsx",
    "frontend/src/pages/orders/OrderMessagesPage.tsx",
    "frontend/src/pages/payments/PaymentFailurePage.tsx",
    "frontend/src/pages/payments/PaymentSuccessPage.tsx",
    "frontend/src/pages/services/ServiceDetailPage.tsx",
    "frontend/src/pages/services/ServiceEditorPage.tsx",
    "frontend/src/pages/services/ServicesListPage.tsx",
    "frontend/src/utils/urlParams.ts",
    "frontend/tailwind.config.js",
    "project_state.json"
  ]
}